Filename,Key
Berkowitz1,C
Berkowitz2,F
Berkowitz3,F
Berkowitz4,F
Berkowitz5,G
Berkowitz6,D
Berkowitz7,D
Berkowitz8,G
Berkowitz9,B-
Berkowitz10,B-
Berkowitz11,C
Berkowitz12,D
Berkowitz13,B-
Berkowitz14,E-
Berkowitz15,D
Berkowitz16,D
Berkowitz17,B-
Berkowitz18,F
Berkowitz19,F
Berkowitz20,A
Berkowitz21,A
Berkowitz22,A
Berkowitz23,G
Berkowitz24,E-
Berkowitz25,E-
Berkowitz26,G
Berkowitz27,D
Berkowitz28,B-
Berkowitz29,E-
Berkowitz30,F
Berkowitz31,A-
Berkowitz32,B-
Berkowitz33,F
Berkowitz34,A-
Berkowitz35,G
Berkowitz36,g
Berkowitz37,g
Berkowitz38,E-
Berkowitz39,c
Berkowitz40,g
Berkowitz41,E-
Berkowitz42,d
Berkowitz43,d
Berkowitz44,f
Berkowitz45,A-
Berkowitz46,A-
Berkowitz47,C
Berkowitz48,B-
Berkowitz49,B-
Berkowitz50,E
Berkowitz51,E
Berkowitz52,E
Berkowitz53,A-
Berkowitz54,A-
Berkowitz55,A
Berkowitz56,D
Berkowitz57,G
Berkowitz58,C
Berkowitz59,C
Berkowitz60,C
Berkowitz61,D
Berkowitz62,E-
Berkowitz63,e
Berkowitz64,f#
Berkowitz65,f#
Berkowitz66,f
Berkowitz67,f
Berkowitz68,E-
Berkowitz69,A
Berkowitz70,d
Berkowitz71,C
Berkowitz72,E
Berkowitz73,C
Berkowitz74,D
Berkowitz75,d
Berkowitz76,D
Berkowitz77,d
Berkowitz78,D
Berkowitz79,d
Berkowitz80,C
Berkowitz81,B-
Berkowitz82,E-
Berkowitz83,A
Berkowitz84,E
Berkowitz85,e
Berkowitz86,d
Berkowitz87,A-
Berkowitz88,e
Berkowitz89,B-
Berkowitz90,B-
Berkowitz91,B-
Berkowitz92,E
Berkowitz93,e
Berkowitz94,C
Berkowitz95,G
Berkowitz96,c
Berkowitz97,c#
Berkowitz98,A
Berkowitz99,e
Berkowitz100,C
Berkowitz101,E-
Berkowitz102,f#
Berkowitz103,g
Berkowitz104,c
Berkowitz105,d
Berkowitz106,E-
Berkowitz107,D
Berkowitz108,d
Berkowitz109,D
Berkowitz110,d
Berkowitz111,d
Berkowitz112,D
Berkowitz113,d
Berkowitz114,D
Berkowitz115,E-
Berkowitz116,B
Berkowitz117,A-
Berkowitz118,D
Berkowitz119,D
Berkowitz120,E-
Berkowitz121,D
Berkowitz122,g
Berkowitz123,F
Berkowitz124,c#
Berkowitz125,g
Berkowitz126,A-
Berkowitz127,e
Berkowitz128,F
Berkowitz129,f
Berkowitz130,f
Berkowitz131,F
Berkowitz132,D
Berkowitz133,d
Berkowitz134,A
Berkowitz135,a
Berkowitz136,B
Berkowitz137,E
Berkowitz138,d
Berkowitz139,d
Berkowitz140,D-
Berkowitz141,D
Berkowitz142,g
Berkowitz143,G
Berkowitz144,E
Berkowitz145,E-
Berkowitz146,G
Berkowitz147,C
Berkowitz148,b
Berkowitz149,C
Berkowitz150,c
Berkowitz151,C
Berkowitz152,c
Berkowitz153,f
Berkowitz154,F
Berkowitz155,d
Berkowitz156,f#
Berkowitz157,B-
Berkowitz158,A-
Berkowitz159,F
Berkowitz160,f
Berkowitz161,e
Berkowitz162,b
Berkowitz163,f#
Berkowitz164,G
Berkowitz165,a
Berkowitz166,A
Berkowitz167,G
Berkowitz168,g
Berkowitz169,D
Berkowitz170,d
Berkowitz171,f
Berkowitz172,C
Berkowitz173,C
Berkowitz174,c
Berkowitz175,c
Berkowitz176,C
Berkowitz177,E
Berkowitz178,e
Berkowitz179,B-
Berkowitz180,f
Berkowitz181,D
Berkowitz182,E-
Berkowitz183,G
Berkowitz184,g
Berkowitz185,E-
Berkowitz186,D
Berkowitz187,A-
Berkowitz188,A-
Berkowitz189,A-
Berkowitz190,E-
Berkowitz191,b
Berkowitz192,d
Berkowitz193,E-
Berkowitz194,E
Berkowitz195,E-
Berkowitz196,E-
Berkowitz197,g
Berkowitz198,f
Berkowitz199,A-
Berkowitz200,b-
Berkowitz201,A
Berkowitz202,F
Berkowitz203,G
Berkowitz204,D
Berkowitz205,E
Berkowitz206,d
Berkowitz207,E-
Berkowitz208,E
Berkowitz209,f#
Berkowitz210,D
Berkowitz211,E-
Berkowitz212,d
Berkowitz213,c#
Berkowitz214,D
Berkowitz215,c
Berkowitz216,B-
Berkowitz217,F
Berkowitz218,D
Berkowitz219,A
Berkowitz220,b
Berkowitz221,D-
Berkowitz222,E-
Berkowitz223,E
Berkowitz224,G
Berkowitz225,F
Berkowitz226,A
Berkowitz227,f
Berkowitz228,e
Berkowitz229,C
Berkowitz230,b-
Berkowitz231,E
Berkowitz232,d
Berkowitz233,A-
Berkowitz234,B-
Berkowitz235,C
Berkowitz236,d
Berkowitz237,e
Berkowitz238,d
Berkowitz239,f
Berkowitz240,g
Berkowitz241,g
Berkowitz242,d
Berkowitz243,D
Berkowitz244,f#
Berkowitz245,D-
Berkowitz246,E-
Berkowitz247,A-
Berkowitz248,c
Berkowitz249,G
Berkowitz250,b
Berkowitz251,F
Berkowitz252,D
Berkowitz253,D-
Berkowitz254,B-
Berkowitz255,F
Berkowitz256,A-
Berkowitz257,E-
Berkowitz258,g
Berkowitz259,G
Berkowitz260,f#
Berkowitz261,c#
Berkowitz262,B-
Berkowitz263,A-
Berkowitz264,e
Berkowitz265,A
Berkowitz266,B-
Berkowitz267,c
Berkowitz268,A
Berkowitz269,f
Berkowitz270,g
Berkowitz271,D
Berkowitz272,f
Berkowitz273,G
Berkowitz274,A
Berkowitz275,e
Berkowitz276,d
Berkowitz277,g
Berkowitz278,g
Berkowitz279,g
Berkowitz280,e
Berkowitz281,B-
Berkowitz282,G
Berkowitz283,G
Berkowitz284,D
Berkowitz285,a
Berkowitz286,a
Berkowitz287,d
Berkowitz288,d
Berkowitz289,D
Berkowitz290,d
Berkowitz291,E
Berkowitz292,G
Berkowitz293,C
Berkowitz294,G
Berkowitz295,F
Berkowitz296,b
Berkowitz297,F
Berkowitz298,E-
Berkowitz299,E-
Berkowitz300,F
Berkowitz301,b-
Berkowitz302,e
Berkowitz303,d
Berkowitz304,E-
Berkowitz305,D
Berkowitz306,D
Berkowitz307,g
Berkowitz308,E
Berkowitz309,a
Berkowitz310,D
Berkowitz311,d
Berkowitz312,D
Berkowitz313,F
Berkowitz314,B-
Berkowitz315,e
Berkowitz316,c#
Berkowitz317,g
Berkowitz318,D
Berkowitz319,C
Berkowitz320,A
Berkowitz321,f#
Berkowitz322,F
Berkowitz323,C
Berkowitz324,f#
Berkowitz325,E
Berkowitz326,c
Berkowitz327,b
Berkowitz328,D
Berkowitz329,F
Berkowitz330,b
Berkowitz331,B
Berkowitz332,d
Berkowitz333,A-
Berkowitz334,d
Berkowitz335,F
Berkowitz336,F#
Berkowitz337,D
Berkowitz338,B
Berkowitz339,F
Berkowitz340,F
Berkowitz341,F
Berkowitz342,f
Berkowitz343,G
Berkowitz344,B-
Berkowitz345,E-
Berkowitz346,e
Berkowitz347,E-
Berkowitz348,C
Berkowitz349,F
Berkowitz350,B-
Berkowitz351,F
Berkowitz352,F
Berkowitz353,A
Berkowitz354,e
Berkowitz355,E-
Berkowitz356,D
Berkowitz357,D
Berkowitz358,d
Berkowitz359,A-
Berkowitz360,F
Berkowitz361,a
Berkowitz362,D
Berkowitz363,D
Berkowitz364,e
Berkowitz365,E-
Berkowitz366,D
Berkowitz367,D
Berkowitz368,B
Berkowitz369,a
Berkowitz370,G-
Berkowitz371,E-
Berkowitz372,f#
Berkowitz373,A-
Berkowitz374,D
Berkowitz375,G
Berkowitz376,G
Berkowitz377,G
Berkowitz378,B-
Berkowitz379,D
Berkowitz380,F
Berkowitz381,b
Berkowitz382,B
Berkowitz383,e
Berkowitz384,F
Berkowitz385,f
Berkowitz386,e
Berkowitz387,G
Berkowitz388,B-
Berkowitz389,f#
Berkowitz390,B-
Berkowitz391,e
Berkowitz392,G
Berkowitz393,D
Berkowitz394,c
Berkowitz395,D
Berkowitz396,E-
Berkowitz397,E
Berkowitz398,A-
Berkowitz399,f
Berkowitz400,G
Berkowitz401,g
Berkowitz402,b
Berkowitz403,
Berkowitz404,
Berkowitz405,
Berkowitz406,
Berkowitz407,
Berkowitz408,
Berkowitz409,
Berkowitz410,
Berkowitz411,
Berkowitz412,
Berkowitz413,
Berkowitz414,
Berkowitz415,
Berkowitz416,
Berkowitz417,
Berkowitz418,
Berkowitz419,
Berkowitz420,
Berkowitz421,
Berkowitz422,
Berkowitz423,
Berkowitz424,
Berkowitz425,
Berkowitz426,
Berkowitz427,
Berkowitz428,
Berkowitz429,
Berkowitz430,
Berkowitz431,
Berkowitz432,
Berkowitz433,
Berkowitz434,
Berkowitz435,
Berkowitz436,
Berkowitz437,
Berkowitz438,
Berkowitz439,
Berkowitz440,
Berkowitz441,
Berkowitz442,
Berkowitz443,
Berkowitz444,
Berkowitz445,
Berkowitz446,
Berkowitz447,
Berkowitz448,
Berkowitz449,
Berkowitz450,
Berkowitz451,
Berkowitz452,
Berkowitz453,
Berkowitz454,
Berkowitz455,
Berkowitz456,
Berkowitz457,
Berkowitz458,
Berkowitz459,
Berkowitz460,
Berkowitz461,
Berkowitz462,
Berkowitz463,
Berkowitz464,
Berkowitz465,
Berkowitz466,
Berkowitz467,
Berkowitz468,
Berkowitz469,
Berkowitz470,
Berkowitz471,
Berkowitz472,
Berkowitz473,
Berkowitz474,
Berkowitz475,
Berkowitz476,
Berkowitz477,
Berkowitz478,
Berkowitz479,
Berkowitz480,
Berkowitz481,
Berkowitz482,
Berkowitz483,
Berkowitz484,
Berkowitz485,
Berkowitz486,
Berkowitz487,
Berkowitz488,
Berkowitz489,
Berkowitz490,
Berkowitz491,
Berkowitz492,
Berkowitz493,
Berkowitz494,
Berkowitz495,
Berkowitz496,
Berkowitz497,
Berkowitz498,
Berkowitz499,
Berkowitz500,
Berkowitz501,
Berkowitz502,
Berkowitz503,
Berkowitz504,
Berkowitz505,
Berkowitz506,
Berkowitz507,
Berkowitz508,
Berkowitz509,
Berkowitz510,
Berkowitz511,
Berkowitz512,
Berkowitz513,
Berkowitz514,
Berkowitz515,
Berkowitz516,
Berkowitz517,
Berkowitz518,
Berkowitz519,
Berkowitz520,
Berkowitz521,
Berkowitz522,
Berkowitz523,
Berkowitz524,
Berkowitz525,
Berkowitz526,
Berkowitz527,
Berkowitz528,
Berkowitz529,
Berkowitz530,
Berkowitz531,
Berkowitz532,
Berkowitz533,
Berkowitz534,
Berkowitz535,
Berkowitz536,
Berkowitz537,
Berkowitz538,
Berkowitz539,
Berkowitz540,
Berkowitz541,
Berkowitz542,
Berkowitz543,
Berkowitz544,
Berkowitz545,
Berkowitz546,
Berkowitz547,
Berkowitz548,
Berkowitz549,
Berkowitz550,
Berkowitz551,
Berkowitz552,
Berkowitz553,
Berkowitz554,
Berkowitz555,
Berkowitz556,
Berkowitz557,
Berkowitz558,
Berkowitz559,
Berkowitz560,
Berkowitz561,
Berkowitz562,
Berkowitz563,
Berkowitz564,
Berkowitz565,
Berkowitz566,
Berkowitz567,
Berkowitz568,
Berkowitz569,
Berkowitz570,
Berkowitz571,
Berkowitz572,
Berkowitz573,
Berkowitz574,
Berkowitz575,
Berkowitz576,
Berkowitz577,
Berkowitz578,
Berkowitz579,
Berkowitz580,
Berkowitz581,
Berkowitz582,
Berkowitz583,C
Berkowitz584,C
Berkowitz585,C
Berkowitz586,C
Berkowitz587,C
Berkowitz588,C
Berkowitz589,C
Berkowitz590,C
Berkowitz591,C
Berkowitz592,C
Berkowitz593,C
Berkowitz594,C
Berkowitz595,C
Berkowitz596,C
Berkowitz597,C
Berkowitz598,C
Berkowitz599,C
Berkowitz600,C
Berkowitz601,C
Berkowitz602,C
Berkowitz603,C
Berkowitz604,C
Berkowitz605,C
Berkowitz606,C
Berkowitz607,C
Berkowitz608,C
Berkowitz609,C
Berkowitz610,C
Berkowitz611,C
Berkowitz612,C
Berkowitz613,C
Berkowitz614,C
Berkowitz615,C
Berkowitz616,C
Berkowitz617,C
Berkowitz618,C
Berkowitz619,C
Berkowitz620,C
Berkowitz621,C
Berkowitz622,C
Berkowitz623,C
Berkowitz624,C
Berkowitz625,C
Berkowitz626,C
Berkowitz627,C
Berkowitz628,C
Berkowitz629,C
Literature1,F
Literature2,G
Literature3,F
Literature4,a
Literature5,F
Literature6,B-
Literature7,E-
Literature8,D
Literature9,G
Literature10,F
Literature11,C
Literature12,G
Literature13,G
Literature14,F
Literature15,A-
Literature16,E-
Literature17,E-
Literature18,D
Literature19,C
Literature20,G
Literature21,A-
Literature22,D
Literature23,F
Literature24,A
Literature25,F
Literature26,C
Literature27,F
Literature28,c
Literature29,E-
Literature30,a
Literature31,E-
Literature32,d
Literature33,B-
Literature34,G
Literature35,C
Literature36,A
Literature37,A-
Literature38,G
Literature39,D
Literature40,g
Literature41,B-
Literature42,A
Literature43,B
Literature44,g
Literature45,F
Literature46,g
Literature47,d
Literature48,b
Literature49,B-
Literature50,
Literature51,
Literature52,
Literature53,
Literature54,
Literature55,
Literature56,
Literature57,
Literature58,
Literature59,
Literature60,
Literature61,
Literature62,
Literature63,
Literature64,
Literature65,
Literature66,
Literature67,
Literature68,
Literature69,
Literature70,
Literature71,
Literature72,
Literature73,
Literature74,
Literature75,
Literature76,
Literature77,
Literature78,
Literature79,
Literature80,
Literature81,
Literature82,
Literature83,
Literature84,
Literature85,
Literature86,
Literature87,
Literature88,
Literature89,
Literature90,
Literature91,
Literature92,
Literature93,
Literature94,
Literature95,
Literature96,
Literature97,
Literature98,
Literature99,
Literature100,
Literature101,
Literature102,
Literature103,
Literature104,
Literature105,
Literature106,
Literature107,
Literature108,
Literature109,
Literature110,
Literature111,
Literature112,
Literature113,
Literature114,
Literature115,
Literature116,
Literature117,
Literature118,
Literature119,
Literature120,
Literature121,
Literature122,
Literature123,
Literature124,
Literature125,
Literature126,
Literature127,
Literature128,
Literature129,
Literature130,
Literature131,
Literature132,
Literature133,
Literature134,
Literature135,
Literature136,
Literature137,
Literature138,
Literature139,
Literature140,
Literature141,
Literature142,
Literature143,
Literature144,
Literature145,
Literature146,
Literature147,
Literature148,
Literature149,
Literature150,
Literature151,
Literature152,
Literature153,
Literature154,
